{
  "animals": [
    {
      "id": 1,
      "name": "cão",
      "group": "mamífero",
      "level": 1,
      "description": "O cão é o melhor amigo do homem",
      "links": {
        "photo": "https://www.purina.pt/sites/g/files/mcldtz1671/files/2018-03/cao-em-casa.jpg",
        "video": "https:",
        "sound": "https"
      },
      "active": true
    },
    {
      "id": 2,
      "name": "gato",
      "group": "mamífero",
      "level": 1,
      "description": "O gato é o melhor amigo do homem",
      "links": {
        "photo": "https://www.royalcanin.es/wp-content/uploads/2017/10/bigotesnew.jpg",
        "video": "https:",
        "sound": "https"
      },
      "active": true
    },
    {
      "id": 3,
      "name": "pardal",
      "group": "ave",
      "level": 2,
      "description": "O pardal é o melhor amigo do homem",
      "links": {
        "photo": "https://cdn.pixabay.com/photo/2019/07/23/00/55/sparrow-4356373_960_720.png",
        "video": "https:",
        "sound": "https"
      },
      "active": true
    },
    {
      "id": 4,
      "name": "cavalo",
      "group": "mamífero",
      "level": 2,
      "description": "O cavalo é o melhor amigo do homem",
      "links": {
        "photo": "https://cdn.pixabay.com/photo/2017/03/29/20/02/arabian-2186313_960_720.png",
        "video": "https:",
        "sound": "https"
      },
      "active": true
    }
  ],
  "login": {
    "token": "12345",
    "user": {
      "name": "Ricardo Queirós",
      "email": "ricardo.queiros@gmail.com",
      "birthday": "19-04-1975",
      "location": {
        "city": "Porto",
        "country": "Portugal"
      },
      "auth": {
        "username": "joao",
        "password": "12345"
      },
      "gamification": {
        "quiz": 1,
        "points": 0
      }
    }
  },
  "quiz": [
    {
      "id": 1,
      "name": "adasd",
      "points": 12
    },
    {
      "id": 1,
      "name": "adasd",
      "points": 12
    }
  ]
}